<?xml version="1.0" encoding="utf-8" ?>
<access component="com_jckman">
	<section name="component">
		<action name="core.admin" title="JACTION_ADMIN" description="JACTION_ADMIN_COMPONENT_DESC" />
		<action name="core.manage" title="JACTION_MANAGE" description="JACTION_MANAGE_COMPONENT_DESC" />
		<action name="core.create" title="JACTION_CREATE" description="JACTION_CREATE_COMPONENT_DESC" />
		<action name="core.delete" title="JACTION_DELETE" description="JACTION_DELETE_COMPONENT_DESC" />
		<action name="core.edit" title="JACTION_EDIT" description="JACTION_EDIT_COMPONENT_DESC" />
		<action name="core.edit.state" title="JACTION_EDITSTATE" description="JACTION_EDITSTATE_COMPONENT_DESC" />

		<action name="jckman.install" title="JACTION_INSTALL_LBL" description="JACTION_INSTALL_DESC" />
		<action name="jckman.uninstall" title="JACTION_UNINSTALL_LBL" description="JACTION_UNINSTALL_DESC" />
		<action name="jckman.sync" title="JACTION_SYNC_LBL" description="JACTION_SYNC_DESC" />
	</section>
</access>
